{"dummy":{"rmse":1.0036453875,"mae":0.8016739459,"r2":-0.0000078111},"linear_regression":{"rmse":0.0004677715,"mae":0.0001943891,"r2":0.9999997828}}