{"rmse":0.0006948928,"mae":0.0003791567,"r2":0.9999995206}